9786168224021,The One% สิ่งที่คนสำเร็จ 1% ของโลกทำ คน 99% อยากรู้,ภัทรพล ศิลปาจารย์ (พอล),-,I AM THE BEST,236.55
9786161828998,โคโนะ เก็นโตะ ราชาสมองเพชร,Gento Kono (เก็นโตะ โคโนะ),-,อมรินทร์ How To,232.75
9786164301412,ระบบร่างกายมนุษย์ Human Body,ผศ.ดร. อรกัญญ์ ภูมิโคกรักษ์,-,เอ็มไอเอส,189.05
9786160832804,เลิกขี้เกียจซะที!,Choi Myeoung-gi (ชเว มยองกี),วสุชา เขมการโกศล,ซีเอ็ดยูเคชั่น,152.1
9786164300729,Perfect English Grammar คัมภีร์ไวยากรณ์อังกฤษ พิชิตข้อสอบ,ภัทรา ภัทรภูรีรักษ์ (อาจารย์โอ๊ต),-,เอ็มไอเอส,237.5
9786169260196,ใช้ Facebook ถูกวิธี ยอดขายดีขึ้น 100 เท่า,มัณฑิตา จินดา (ทิป),-, I AM THE BEST,236.55
9786161826567,เลิกเป็นคนดี แล้วจะมีความสุข,(Tokio Godo) โกะโด โทคิโอะ,อาคิรา รัตนาภิรัต,อมรินทร์ How To,213.75
9786165271134,สร้างครอบครัว 2 ภาษา สอนลูกพูดภาษาอังกฤษ,กองบรรณาธิการเอ็มไอเอส,-,เอ็มไอเอส,189.05
9786162873027,คิดแบบยิว ทำแบบญี่ปุ่น Book 2 : บริหารเงินสไตล์นายธนาคารยิว,Honda Ken (ฮอนดะ เคน),โยซุเกะ,วีเลิร์น,218.5
9786163016799,21 บทเรียน สำหรับศตวรรษที่ 21 : 21 Lessons for The 21 Century,Yuval Noah Harari (ยูวัล โนอาห์ แฮรารี),ดร. นำชัย ชีววิวรรธน์ ธิดา จงนิรามัยสถิต,ยิปซี,470.25
